{"color":{"r":0.9215686274509803,"b":0.9215686274509803,"g":0.9215686274509803,"a":1},"index":7,"category":"Colors"}