{"color":{"r":0.5882352941176471,"b":0.5882352941176471,"g":0.5882352941176471,"a":1},"index":6,"category":"Colors"}