{"color":{"r":0.9411764705882353,"b":0.9411764705882353,"g":0.9411764705882353,"a":1},"index":9,"category":"Colors"}