{"color":{"r":0.9607843137254902,"b":0.9607843137254902,"g":0.9607843137254902,"a":1},"index":8,"category":"Colors"}