{"color":{"r":0.1215686274509804,"b":0.1215686274509804,"g":0.1215686274509804,"a":1},"index":4,"category":"Colors"}