{"color":{"r":0.1647058823529411,"b":0.4509803921568626,"g":0.7098039215686275,"a":1},"index":1,"category":"Colors"}