{"color":{"r":0.8823529411764706,"b":0.8823529411764706,"g":0.8823529411764706,"a":1},"index":10,"category":"Colors"}