{"color":{"r":0.9686274509803922,"b":0.3372549019607844,"g":0.7333333333333334,"a":1},"index":2,"category":"Colors"}