{"color":{"r":0.9098039215686274,"b":0.1568627450980392,"g":0.3372549019607843,"a":1},"index":3,"category":"Colors"}