{"color":{"r":0.1647058823529411,"b":0.8,"g":0.4509803921568626,"a":1},"index":0,"category":"Colors"}